model,latest_round_score,avr4,avr6,rounds_count,next_weight_suggested
Torch,99.16666666666667,97.61111111111113,97.61111111111113,3,97.61111111111113
RW,97.41666666666667,97.16666666666667,97.16666666666667,3,97.16666666666667
GARCH,98.16666666666667,97.15277777777779,97.15277777777779,3,97.15277777777779
DYNAMIX,97.25,96.84027777777777,96.84027777777777,3,96.84027777777777
ETS,97.5,96.59722222222223,96.59722222222223,3,96.59722222222223
VAR,97.2,96.12666666666667,96.12666666666667,3,96.12666666666667
PCE,95.79166666666667,95.94444444444446,95.94444444444446,3,95.94444444444446
ARIMAX,94.0,93.1736111111111,93.1736111111111,3,93.1736111111111
LSTM,71.66666666666667,77.58333333333333,77.58333333333333,3,77.58333333333333
