round_id,model,weight_raw,weight_norm,avr4,avr6,rounds_count,rank,weights_status,source_round_state,generated_at
26-1-06,Torch,97.61111111111113,0.11508082839856874,97.61111111111113,97.61111111111113,3,1.0,final,FINAL_TPLUS3,2026-02-28 18:43:00
26-1-06,DYNAMIX,96.84027777777777,0.11417203699616113,96.84027777777777,96.84027777777777,3,4.0,final,FINAL_TPLUS3,2026-02-28 18:43:00
26-1-06,ARIMAX,93.1736111111111,0.10984913735227635,93.1736111111111,93.1736111111111,3,8.0,final,FINAL_TPLUS3,2026-02-28 18:43:00
26-1-06,PCE,95.94444444444446,0.11311587401498475,95.94444444444446,95.94444444444446,3,7.0,final,FINAL_TPLUS3,2026-02-28 18:43:00
26-1-06,LSTM,77.58333333333333,0.0914686265558345,77.58333333333333,77.58333333333333,3,9.0,final,FINAL_TPLUS3,2026-02-28 18:43:00
26-1-06,GARCH,97.15277777777779,0.11454046594308313,97.15277777777779,97.15277777777779,3,3.0,final,FINAL_TPLUS3,2026-02-28 18:43:00
26-1-06,VAR,96.12666666666667,0.11333070902758992,96.12666666666667,96.12666666666667,3,6.0,final,FINAL_TPLUS3,2026-02-28 18:43:00
26-1-06,RW,97.16666666666667,0.11455684056294634,97.16666666666667,97.16666666666667,3,2.0,final,FINAL_TPLUS3,2026-02-28 18:43:00
26-1-06,ETS,96.59722222222223,0.11388548114855514,96.59722222222223,96.59722222222223,3,5.0,final,FINAL_TPLUS3,2026-02-28 18:43:00
